ENCOUNTER_KEY,PATIENT_NUMBER,DOCTOR,DEPARTMENT,ADMIT_LOS
105296791,9921956791,202927,Hosp 39,1
105311492,9921971492,235415,HEART,2
105321207,9921981207,292728,HEART,3
105340661,9922000661,277860,NEUROSCIENCES,4
105341334,9922001334,306822,HEART,7
105349951,9922009951,262051,HEART,12
105375599,9922035599,262051,GENERAL MED,5
105380384,9922040384,209685,GENERAL MED,3
105383031,9922043031,275709,HEART,3
105400135,9922060135,202927,GENERAL MED,1
